Rnd,Pick,Tm,Player,Pos,Age,To,AP1,PB,St,wAV,DrAV,G,Cmp,Att,Yds,TD,Int,Att,Yds,TD,Rec,Yds,TD,Solo,Int,Sk,College/Univ,,-9999
1,1,CAR,Bryce Young,QB,22,2023,0,0,0,0,0,2,42,71,299,2,2,5,51,0,0,0,0,,,,Alabama,College Stats,YounBr01
1,2,HOU,C.J. Stroud,QB,21,2023,0,0,0,0,0,3,78,121,906,4,0,10,35,0,1,0,0,,,,Ohio St.,College Stats,StroCJ00
1,3,HOU,Will Anderson,LB,22,2023,0,0,0,0,0,3,0,0,0,0,0,0,0,0,0,0,0,9,,1.0,Alabama,College Stats,AndeWi01
1,4,IND,Anthony Richardson,QB,21,2023,0,0,0,0,0,2,30,47,279,1,1,13,75,3,0,0,0,,,,Florida,College Stats,RichAn03
1,5,SEA,Devon Witherspoon,DB,22,2023,0,0,0,0,0,2,0,0,0,0,0,0,0,0,0,0,0,10,,,Illinois,College Stats,WithDe00
1,6,ARI,Paris Johnson,OL,22,2023,0,0,0,0,0,3,0,0,0,0,0,0,0,0,0,0,0,,,,Ohio St.,College Stats,JohnPa03
1,7,LVR,Tyree Wilson,OLB,23,2023,0,0,0,0,0,3,0,0,0,0,0,0,0,0,0,0,0,1,,,Texas Tech,College Stats,WilsTy01
1,8,ATL,Bijan Robinson,RB,21,2023,0,0,0,0,0,3,0,0,0,0,0,39,213,0,14,102,1,,,,Texas,College Stats,RobiBi01
1,9,PHI,Jalen Carter,DL,22,2023,0,0,0,0,0,3,0,0,0,0,0,0,0,0,0,0,0,4,,1.5,Georgia,College Stats,CartJa05
1,10,CHI,Darnell Wright,OL,22,2023,0,0,0,0,0,3,0,0,0,0,0,0,0,0,0,0,0,,,,Tennessee,College Stats,WrigDa00
1,11,TEN,Peter Skoronski,OL,22,2023,0,0,0,0,0,1,0,0,0,0,0,0,0,0,0,0,0,,,,Northwestern,College Stats,SkorPe00
1,12,DET,Jahmyr Gibbs,RB,21,2023,0,0,0,0,0,4,0,0,0,0,0,39,179,0,14,70,0,,,,Alabama,College Stats,GibbJa01
1,13,GNB,Lukas Van Ness,DL,22,2023,0,0,0,0,0,4,0,0,0,0,0,0,0,0,0,0,0,5,,1.0,Iowa,College Stats,VanNLu00
1,14,PIT,Broderick Jones,OL,22,2023,0,0,0,0,0,3,0,0,0,0,0,0,0,0,0,0,0,,,,Georgia,College Stats,JoneBr09
1,15,NYJ,Will McDonald,DE,24,2023,0,0,0,0,0,2,0,0,0,0,0,0,0,0,0,0,0,1,,,Iowa St.,College Stats,McDoWi00
1,16,WAS,Emmanuel Forbes,CB,22,2023,0,0,0,0,0,3,0,0,0,0,0,0,0,0,0,0,0,9,1,,Mississippi St.,College Stats,ForbEm00
1,17,NWE,Christian Gonzalez,DB,21,2023,0,0,0,0,0,3,0,0,0,0,0,0,0,0,0,0,0,13,1,1.0,Oregon,College Stats,GonzCh00
1,18,DET,Jack Campbell,LB,23,2023,0,0,0,0,0,4,0,0,0,0,0,0,0,0,0,0,0,11,,1.0,Iowa,College Stats,CampJa04
1,19,TAM,Calijah Kancey,DL,22,2023,0,0,0,0,0,1,0,0,0,0,0,0,0,0,0,0,0,,,,Pittsburgh,College Stats,KancCa00
1,20,SEA,Jaxon Smith-Njigba,WR,21,2023,0,0,0,0,0,3,0,0,0,0,0,0,0,0,9,57,0,,,,Ohio St.,College Stats,SmitJa06
1,21,LAC,Quentin Johnston,WR,22,2023,0,0,0,0,0,3,0,0,0,0,0,0,0,0,5,26,0,,,,TCU,College Stats,JohnQu02
1,22,BAL,Zay Flowers,WR,22,2023,0,0,0,0,0,3,0,0,0,0,0,4,17,0,21,188,0,,,,Boston Col.,College Stats,FlowZa00
1,23,MIN,Jordan Addison,WR,21,2023,0,0,0,0,0,3,0,0,0,0,0,0,0,0,13,185,2,,,,USC,College Stats,AddiJo00
1,24,NYG,Deonte Banks,DB,22,2023,0,0,0,0,0,3,0,0,0,0,0,0,0,0,0,0,0,6,,,Maryland,College Stats,BankDe00
1,25,BUF,Dalton Kincaid,TE,23,2023,0,0,0,0,0,3,0,0,0,0,0,0,0,0,11,72,0,,,,Utah,College Stats,KincDa00
1,26,DAL,Mazi Smith,DL,22,2023,0,0,0,0,0,3,0,0,0,0,0,0,0,0,0,0,0,1,,,Michigan,College Stats,SmitMa06
1,27,JAX,Anton Harrison,OL,21,2023,0,0,0,0,0,3,0,0,0,0,0,0,0,0,0,0,0,,,,Oklahoma,College Stats,HarrAn00
1,28,CIN,Myles Murphy,DE,21,2023,0,0,0,0,0,3,0,0,0,0,0,0,0,0,0,0,0,,,,Clemson,College Stats,MurpMy00
1,29,NOR,Bryan Bresee,DT,21,2023,0,0,0,0,0,3,0,0,0,0,0,0,0,0,0,0,0,2,,0.5,Clemson,College Stats,BresBr00
1,30,PHI,Nolan Smith,OLB,22,2023,0,0,0,0,0,3,0,0,0,0,0,0,0,0,0,0,0,1,,,Georgia,College Stats,SmitNo02
1,31,KAN,Felix Anudike-Uzomah,DE,21,2023,0,0,0,0,0,3,0,0,0,0,0,0,0,0,0,0,0,5,,0.5,Kansas St.,College Stats,AnudFe00
2,32,PIT,Joey Porter Jr.,CB,23,2023,0,0,0,0,0,3,0,0,0,0,0,0,0,0,0,0,0,3,,,Penn St.,College Stats,PortJo02
2,33,TEN,Will Levis,QB,24,,0,0,0,,,,,,,,,,,,,,,,,,Kentucky,College Stats,LeviWi00
2,34,DET,Sam LaPorta,TE,22,2023,0,0,0,0,0,4,0,0,0,0,0,0,0,0,22,242,1,,,,Iowa,College Stats,LaPoSa01
2,35,LVR,Michael Mayer,TE,22,2023,0,0,0,0,0,3,0,0,0,0,0,0,0,0,1,2,0,,,,Notre Dame,College Stats,MayeMi00
2,36,LAR,Steve Avila,C,23,2023,0,0,0,0,0,3,0,0,0,0,0,0,0,0,0,0,0,,,,TCU,College Stats,AvilSt00
2,37,SEA,Derick Hall,DE,22,2023,0,0,0,0,0,3,0,0,0,0,0,0,0,0,0,0,0,2,,,Auburn,College Stats,HallDe04
2,38,ATL,Matthew Bergeron,OL,23,2023,0,0,0,0,0,3,0,0,0,0,0,0,0,0,0,0,0,,,,Syracuse,College Stats,BergMa00
2,39,CAR,Jonathan Mingo,WR,22,2023,0,0,0,0,0,3,0,0,0,0,0,0,0,0,8,64,0,,,,Mississippi,College Stats,MingJo00
2,40,NOR,Isaiah Foskey,DL,22,2023,0,0,0,0,0,2,0,0,0,0,0,0,0,0,0,0,0,3,,,Notre Dame,College Stats,FoskIs00
2,41,ARI,BJ Ojulari,DE,21,2023,0,0,0,0,0,3,0,0,0,0,0,0,0,0,0,0,0,,,,LSU,College Stats,OjulBJ00
2,42,GNB,Luke Musgrave,TE,23,2023,0,0,0,0,0,4,0,0,0,0,0,0,0,0,12,125,0,,,,Oregon St.,College Stats,MusgLu00
2,43,NYJ,Joe Tippmann,OL,22,2023,0,0,0,0,0,3,0,0,0,0,0,0,0,0,0,0,0,,,,Wisconsin,College Stats,TippJo00
2,44,IND,Julius Brents,DB,23,2023,0,0,0,0,0,1,0,0,0,0,0,0,0,0,0,0,0,4,,,Kansas St.,College Stats,BrenJu00
2,45,DET,Brian Branch,DB,21,2023,0,0,0,0,0,4,0,0,0,0,0,0,0,0,0,0,0,21,1,,Alabama,College Stats,BranBr00
2,46,NWE,Keion White,DL,24,2023,0,0,0,0,0,3,0,0,0,0,0,0,0,0,0,0,0,,,,Georgia Tech,College Stats,WhitKe03
2,47,WAS,Jartavius Martin,DB,23,2023,0,0,0,0,0,2,0,0,0,0,0,0,0,0,0,0,0,,,,Illinois,College Stats,MartJa04
2,48,TAM,Cody Mauch,T,24,2023,0,0,0,0,0,3,0,0,0,0,0,0,0,0,0,0,0,,,,North Dakota St.,,MaucCo00
2,49,PIT,Keeanu Benton,NT,22,2023,0,0,0,0,0,3,0,0,0,0,0,0,0,0,0,0,0,2,,1.0,Wisconsin,College Stats,BentKe00
2,50,GNB,Jayden Reed,WR,23,2023,0,0,0,0,0,4,0,0,0,0,0,1,-2,0,12,203,2,,,,Michigan St.,College Stats,ReedJa03
2,51,MIA,Cam Smith,DB,22,2023,0,0,0,0,0,2,0,0,0,0,0,0,0,0,0,0,0,,,,South Carolina,College Stats,SmitCa02
2,52,SEA,Zach Charbonnet,RB,22,2023,0,0,0,0,0,3,0,0,0,0,0,16,73,0,3,13,0,,,,UCLA,College Stats,CharZa00
2,53,CHI,Gervon Dexter,DL,21,2023,0,0,0,0,0,3,0,0,0,0,0,0,0,0,0,0,0,7,,,Florida,College Stats,DextGe00
2,54,LAC,Tuli Tuipulotu,DL,21,2023,0,0,0,0,0,3,0,0,0,0,0,0,0,0,0,0,0,9,,2.0,USC,College Stats,TuipTu00
2,55,KAN,Rashee Rice,WR,23,2023,0,0,0,0,0,3,0,0,0,0,0,1,-3,0,10,108,1,,,,SMU,College Stats,RiceRa01
2,56,CHI,Tyrique Stevenson,CB,23,2023,0,0,0,0,0,3,0,0,0,0,0,0,0,0,0,0,0,11,,,Miami (FL),College Stats,StevTy01
2,57,NYG,John Michael Schmitz,OL,24,2023,0,0,0,0,0,3,0,0,0,0,0,0,0,0,0,0,0,,,,Minnesota,College Stats,MichJo00
2,58,DAL,Luke Schoonmaker,TE,24,2023,0,0,0,0,0,3,0,0,0,0,0,0,0,0,1,1,1,,,,Michigan,College Stats,SchoLu00
2,59,BUF,O'Cyrus Torrence,OL,23,2023,0,0,0,0,0,3,0,0,0,0,0,0,0,0,0,0,0,,,,Florida,College Stats,TorrOC00
2,60,CIN,DJ Turner,DB,22,2023,0,0,0,0,0,3,0,0,0,0,0,0,0,0,0,0,0,2,,,Michigan,College Stats,TurnDJ01
2,61,JAX,Brenton Strange,TE,22,2023,0,0,0,0,0,3,0,0,0,0,0,0,0,0,2,7,0,,,,Penn St.,College Stats,StraBr00
2,62,HOU,Juice Scruggs,OL,23,,0,0,0,,,,,,,,,,,,,,,,,,Penn St.,College Stats,ScruJu00
2,63,DEN,Marvin Mims,WR,21,2023,0,0,0,0,0,3,0,0,0,0,0,3,13,0,7,195,1,,,,Oklahoma,College Stats,MimsMa00
3,64,CHI,Zacch Pickens,DL,23,2023,0,0,0,0,0,3,0,0,0,0,0,0,0,0,0,0,0,2,,,South Carolina,College Stats,PickZa00
3,65,PHI,Tyler Steen,OL,23,,0,0,0,,,,,,,,,,,,,,,,,,Alabama,College Stats,SteeTy00
3,66,PHI,Sydney Brown,DB,23,2023,0,0,0,0,0,3,0,0,0,0,0,0,0,0,0,0,0,2,,,Illinois,College Stats,BrowSy00
3,67,DEN,Drew Sanders,LB,22,2023,0,0,0,0,0,3,0,0,0,0,0,0,0,0,0,0,0,,,,Arkansas,College Stats,SandDr00
3,68,DET,Hendon Hooker,QB,25,,0,0,0,,,,,,,,,,,,,,,,,,Tennessee,College Stats,HookHe00
3,69,HOU,Tank Dell,WR,23,2023,0,0,0,0,0,3,0,0,0,0,0,0,0,0,15,251,2,,,,Houston,College Stats,DellNa00
3,70,LVR,Byron Young,DL,22,2023,0,0,0,0,0,3,0,0,0,0,0,0,0,0,0,0,0,2,,,Alabama,College Stats,YounBy00
3,71,NOR,Kendre Miller,RB,21,2023,0,0,0,0,0,1,0,0,0,0,0,9,34,0,1,0,0,,,,TCU,College Stats,MillKe01
3,72,ARI,Garrett Williams,DB,22,,0,0,0,,,,,,,,,,,,,,,,,,Syracuse,College Stats,WillGa00
3,73,NYG,Jalin Hyatt,WR,21,2023,0,0,0,0,0,3,0,0,0,0,0,0,0,0,2,89,0,,,,Tennessee,College Stats,HyatJa00
3,74,CLE,Cedric Tillman,WR,23,2023,0,0,0,0,0,3,0,0,0,0,0,0,0,0,0,0,0,,,,Tennessee,College Stats,TillCe01
3,75,ATL,Zach Harrison,DE,22,2023,0,0,0,0,0,3,0,0,0,0,0,0,0,0,0,0,0,3,,,Ohio St.,College Stats,HarrZa00
3,76,NWE,Marte Mapu,DB,23,2023,0,0,0,0,0,3,0,0,0,0,0,0,0,0,0,0,0,2,,,Sacramento St.,,MapuMa00
3,77,LAR,Byron Young,LB,25,2023,0,0,0,0,0,3,0,0,0,0,0,0,0,0,0,0,0,10,,2.0,Tennessee,College Stats,YounBy01
3,78,GNB,Tucker Kraft,TE,22,2023,0,0,0,0,0,4,0,0,0,0,0,0,0,0,2,5,0,,,,South Dakota St.,,KrafTu00
3,79,IND,Josh Downs,WR,22,2023,0,0,0,0,0,3,0,0,0,0,0,0,0,0,15,124,0,,,,North Carolina,College Stats,DownJo00
3,80,CAR,DJ Johnson,OLB,24,,0,0,0,,,,,,,,,,,,,,,,,,Oregon,College Stats,JohnDJ00
3,81,TEN,Tyjae Spears,RB,22,2023,0,0,0,0,0,3,0,0,0,0,0,15,82,0,7,10,0,,,,Tulane,College Stats,SpeaTy00
3,82,TAM,YaYa Diaby,DL,24,2023,0,0,0,0,0,3,0,0,0,0,0,0,0,0,0,0,0,1,,,Louisville,College Stats,DiabYa00
3,83,DEN,Riley Moss,DB,23,2023,0,0,0,0,0,1,0,0,0,0,0,0,0,0,0,0,0,,,,Iowa,College Stats,MossRi00
3,84,MIA,De'Von Achane,RB,21,2023,0,0,0,0,0,2,0,0,0,0,0,19,208,2,5,34,2,,,,Texas A&M,College Stats,AchaDe00
3,85,LAC,Daiyan Henley,LB,23,2023,0,0,0,0,0,1,0,0,0,0,0,0,0,0,0,0,0,,,,Washington St.,College Stats,HenlDa00
3,86,BAL,Trenton Simpson,LB,22,2023,0,0,0,0,0,3,0,0,0,0,0,0,0,0,0,0,0,,,,Clemson,College Stats,SimpTr00
3,87,SFO,Ji'Ayir Brown,S,23,2023,0,0,0,0,0,3,0,0,0,0,0,0,0,0,0,0,0,,,,Penn St.,College Stats,BrowJi01
3,88,JAX,Tank Bigsby,RB,22,2023,0,0,0,0,0,3,0,0,0,0,0,9,23,2,0,0,0,,,,Auburn,College Stats,BigsTa00
3,89,LAR,Kobie Turner,DT,24,2023,0,0,0,0,0,3,0,0,0,0,0,0,0,0,0,0,0,1,,1.0,Wake Forest,College Stats,TurnKo00
3,90,DAL,DeMarvion Overshown,LB,23,,0,0,0,,,,,,,,,,,,,,,,,,Texas,College Stats,OverDe00
3,91,BUF,Dorian Williams,LB,22,2023,0,0,0,0,0,3,0,0,0,0,0,0,0,0,0,0,0,2,,,Tulane,College Stats,WillDo04
3,92,KAN,Wanya Morris,OL,22,,0,0,0,,,,,,,,,,,,,,,,,,Oklahoma,College Stats,MorrWa01
3,93,PIT,Darnell Washington,TE,22,2023,0,0,0,0,0,3,0,0,0,0,0,0,0,0,0,0,0,,,,Georgia,College Stats,WashDa03
3,94,ARI,Michael Wilson,WR,23,2023,0,0,0,0,0,3,0,0,0,0,0,0,0,0,7,161,0,,,,Stanford,College Stats,WilsMi02
3,95,CIN,Jordan Battle,DB,22,2023,0,0,0,0,0,3,0,0,0,0,0,0,0,0,0,0,0,,,,Alabama,College Stats,BattJo00
3,96,DET,Brodric Martin,DT,24,,0,0,0,,,,,,,,,,,,,,,,,,Western Kentucky,College Stats,MartBr00
3,97,WAS,Ricky Stromberg,OL,22,2023,0,0,0,0,0,2,0,0,0,0,0,0,0,0,0,0,0,,,,Arkansas,College Stats,StroRi01
3,98,CLE,Siaki Ika,DL,22,,0,0,0,,,,,,,,,,,,,,,,,,Baylor,College Stats,IkaxSi00
3,99,SFO,Jake Moody,K,23,2023,0,0,0,0,0,3,0,0,0,0,0,0,0,0,0,0,0,,,,Michigan,College Stats,MoodJa00
3,100,LVR,Tre Tucker,WR,22,2023,0,0,0,0,0,2,0,0,0,0,0,1,34,0,0,0,0,,,,Cincinnati,College Stats,TuckTr00
3,101,SFO,Cameron Latu,TE,23,,0,0,0,,,,,,,,,,,,,,,,,,Alabama,College Stats,LatuCa01
3,102,MIN,Mekhi Blackmon,CB,24,2023,0,0,0,0,0,3,0,0,0,0,0,0,0,0,0,0,0,5,,,USC,College Stats,BlacMe00
4,103,NOR,Nick Saldiveri,OL,23,,0,0,0,,,,,,,,,,,,,,,,,,Old Dominion,College Stats,SaldNi00
4,104,LVR,Jakorian Bennett,DB,23,2023,0,0,0,0,0,3,0,0,0,0,0,0,0,0,0,0,0,12,,,Maryland,College Stats,BennJa00
4,105,PHI,Kelee Ringo,DB,21,2023,0,0,0,0,0,3,0,0,0,0,0,0,0,0,0,0,0,2,,,Georgia,College Stats,RingKe00
4,106,IND,Blake Freeland,OL,22,2023,0,0,0,0,0,2,0,0,0,0,0,0,0,0,0,0,0,,,,BYU,College Stats,FreeBl00
4,107,NWE,Jake Andrews,OL,23,2023,0,0,0,0,0,3,0,0,0,0,0,0,0,0,0,0,0,,,,Troy,College Stats,AndrJa00
4,108,SEA,Anthony Bradford,OL,22,2023,0,0,0,0,0,2,0,0,0,0,0,0,0,0,0,0,0,,,,LSU,College Stats,BradAn00
4,109,HOU,Dylan Horton,DL,23,2023,0,0,0,0,0,3,0,0,0,0,0,0,0,0,0,0,0,2,,,TCU,College Stats,HortDy00
4,110,IND,Adetomiwa Adebawore,DL,22,,0,0,0,,,,,,,,,,,,,,,,,,Northwestern,College Stats,AdebAd00
4,111,CLE,Dawand Jones,OL,22,2023,0,0,0,0,0,3,0,0,0,0,0,0,0,0,0,0,0,,,,Ohio St.,College Stats,JoneDa07
4,112,NWE,Chad Ryland,K,23,2023,0,0,0,0,0,3,0,0,0,0,0,0,0,0,0,0,0,,,,Maryland,College Stats,RylaCh00
4,113,ATL,Clark Phillips,CB,21,2023,0,0,0,0,0,2,0,0,0,0,0,0,0,0,0,0,0,,,,Utah,College Stats,PhilCl00
4,114,CAR,Chandler Zavala,G,24,2023,0,0,0,0,0,3,0,0,0,0,0,0,0,0,0,0,0,,,,North Carolina St.,College Stats,ZavaCh00
4,115,CHI,Roschon Johnson,RB,22,2023,0,0,0,0,0,3,0,0,0,0,0,17,90,1,10,56,0,,,,Texas,College Stats,JohnRo07
4,116,GNB,Colby Wooden,DE,22,2023,0,0,0,0,0,4,0,0,0,0,0,0,0,0,0,0,0,3,,,Auburn,College Stats,WoodCo01
4,117,NWE,Sidy Sow,OL,25,2023,0,0,0,0,0,1,0,0,0,0,0,0,0,0,0,0,0,,,,East. Michigan,College Stats,SowxSi00
4,118,WAS,Braeden Daniels,OL,23,,0,0,0,,,,,,,,,,,,,,,,,,Utah,College Stats,DaniBr00
4,119,KAN,Chamarri Conner,DB,23,2023,0,0,0,0,0,3,0,0,0,0,0,0,0,0,0,0,0,1,,,Virginia Tech,College Stats,ConnCh01
4,120,NYJ,Carter Warren,OL,24,,0,0,0,,,,,,,,,,,,,,,,,,Pittsburgh,College Stats,WarrCa00
4,121,JAX,Ventrell Miller,LB,24,,0,0,0,,,,,,,,,,,,,,,,,,Florida,College Stats,MillVe00
4,122,ARI,Jon Gaines,OL,24,,0,0,0,,,,,,,,,,,,,,,,,,UCLA,College Stats,GainJo00
4,123,SEA,Cameron Young,DT,23,2023,0,0,0,0,0,3,0,0,0,0,0,0,0,0,0,0,0,1,,,Mississippi St.,College Stats,YounCa00
4,124,BAL,Tavius Robinson,DE,24,2023,0,0,0,0,0,3,0,0,0,0,0,0,0,0,0,0,0,2,,,Mississippi,College Stats,RobiTa00
4,125,LAC,Derius Davis,WR,22,2023,0,0,0,0,0,3,0,0,0,0,0,1,10,0,2,8,0,,,,TCU,College Stats,DaviDe02
4,126,CLE,Isaiah McGuire,DL,22,,0,0,0,,,,,,,,,,,,,,,,,,Missouri,College Stats,McGuIs00
4,127,NOR,Jake Haener,QB,24,,0,0,0,,,,,,,,,,,,,,,,,,Fresno St.,College Stats,HaenJa00
4,128,LAR,Stetson Bennett,QB,25,,0,0,0,,,,,,,,,,,,,,,,,,Georgia,College Stats,BennSt00
4,129,DAL,Viliami Fehoko,DL,23,,0,0,0,,,,,,,,,,,,,,,,,,San Jose St.,College Stats,FehoVi00
4,130,JAX,Tyler Lacy,DE,23,2023,0,0,0,0,0,2,0,0,0,0,0,0,0,0,0,0,0,,,,Oklahoma St.,College Stats,LacyTy00
4,131,CIN,Charlie Jones,WR,24,2023,0,0,0,0,0,3,0,0,0,0,0,0,0,0,1,6,0,,,,Purdue,College Stats,JoneCh11
4,132,PIT,Nick Herbig,OLB,21,2023,0,0,0,0,0,3,0,0,0,0,0,0,0,0,0,0,0,2,,,Wisconsin,College Stats,HerbNi00
4,133,CHI,Tyler Scott,WR,21,2023,0,0,0,0,0,3,0,0,0,0,0,0,0,0,3,20,0,,,,Cincinnati,College Stats,ScotTy00
4,134,MIN,Jay Ward,S,23,2023,0,0,0,0,0,3,0,0,0,0,0,0,0,0,0,0,0,,,,LSU,College Stats,WardJa00
4,135,LVR,Aidan O'Connell,QB,25,,0,0,0,,,,,,,,,,,,,,,,,,Purdue,College Stats,OConAi00
5,136,JAX,Yasir Abdullah,LB,23,2023,0,0,0,0,0,3,0,0,0,0,0,0,0,0,0,0,0,,,,Louisville,College Stats,AbduYa00
5,137,WAS,K.J. Henry,DE,24,2023,0,0,0,0,0,1,0,0,0,0,0,0,0,0,0,0,0,,,,Clemson,College Stats,HenrKJ00
5,138,IND,Darius Rush,DB,23,,0,0,0,,,,,,,,,,,,,,,,,,South Carolina,College Stats,RushDa00
5,139,ARI,Clayton Tune,QB,24,,0,0,0,,,,,,,,,,,,,,,,,,Houston,College Stats,TuneCl00
5,140,CLE,Dorian Thompson-Robinson,QB,23,2023,0,0,0,0,0,1,0,0,0,0,0,0,0,0,0,0,0,,,,UCLA,College Stats,ThomDo02
5,141,MIN,Jaquelin Roy,DT,22,2023,0,0,0,0,0,1,0,0,0,0,0,0,0,0,0,0,0,,,,LSU,College Stats,RoyxJa00
5,142,CLE,Cameron Mitchell,DB,21,2023,0,0,0,0,0,3,0,0,0,0,0,0,0,0,0,0,0,3,,,Northwestern,College Stats,MitcCa01
5,143,NYJ,Israel Abanikanda,RB,20,,0,0,0,,,,,,,,,,,,,,,,,,Pittsburgh,College Stats,AbanIs00
5,144,NWE,Atonio Mafi,OL,22,2023,0,0,0,0,0,3,0,0,0,0,0,0,0,0,0,0,0,,,,UCLA,College Stats,MafiAt00
5,145,CAR,Jammie Robinson,DB,22,2023,0,0,0,0,0,2,0,0,0,0,0,0,0,0,0,0,0,,,,Florida St.,College Stats,RobiJa03
5,146,NOR,Jordan Howden,DB,23,2023,0,0,0,0,0,3,0,0,0,0,0,0,0,0,0,0,0,1,,,Minnesota,College Stats,HowdJo00
5,147,TEN,Josh Whyle,TE,23,2023,0,0,0,0,0,3,0,0,0,0,0,0,0,0,0,0,0,,,,Cincinnati,College Stats,WhylJo01
5,148,CHI,Noah Sewell,LB,22,2023,0,0,0,0,0,3,0,0,0,0,0,0,0,0,0,0,0,1,,,Oregon,College Stats,SeweNo00
5,149,GNB,Sean Clifford,QB,25,2023,0,0,0,0,0,1,0,0,0,0,0,1,0,0,0,0,0,,,,Penn St.,College Stats,ClifSe00
5,150,BUF,Justin Shorter,WR,23,,0,0,0,,,,,,,,,,,,,,,,,,Florida,College Stats,ShorJu00
5,151,SEA,Mike Morris,DE,22,2023,0,0,0,0,0,1,0,0,0,0,0,0,0,0,0,0,0,2,,,Michigan,College Stats,MorrMi00
5,152,DET,Colby Sorsdal,OL,23,2023,0,0,0,0,0,4,0,0,0,0,0,0,0,0,0,0,0,,,,William & Mary,,SorsCo00
5,153,TAM,SirVocea Dennis,LB,23,2023,0,0,0,0,0,1,0,0,0,0,0,0,0,0,0,0,0,,,,Pittsburgh,College Stats,DennSi00
5,154,SEA,Olusegun Oluwatimi,C,24,2023,0,0,0,0,0,2,0,0,0,0,0,0,0,0,0,0,0,,,,Michigan,College Stats,OluwOl00
5,155,SFO,Darrell Luter Jr.,CB,23,,0,0,0,,,,,,,,,,,,,,,,,,South Alabama,College Stats,LuteDa00
5,156,LAC,Jordan McFadden,OL,23,2023,0,0,0,0,0,1,0,0,0,0,0,0,0,0,0,0,0,,,,Clemson,College Stats,McFaJo00
5,157,BAL,Kyu Blu Kelly,CB,22,2023,0,0,0,0,,2,0,0,0,0,0,0,0,0,0,0,0,,,,Stanford,College Stats,BluxKy00
5,158,IND,Daniel Scott,S,24,,0,0,0,,,,,,,,,,,,,,,,,,California,College Stats,ScotDa03
5,159,GNB,Dontayvion Wicks,WR,22,2023,0,0,0,0,0,4,0,0,0,0,0,0,0,0,6,85,1,,,,Virginia,College Stats,WickDo00
5,160,JAX,Antonio Johnson,DB,21,,0,0,0,,,,,,,,,,,,,,,,,,Texas A&M,College Stats,JohnAn07
5,161,LAR,Nick Hampton,OLB,23,2023,0,0,0,0,0,3,0,0,0,0,0,0,0,0,0,0,0,,,,Appalachian St.,College Stats,HampNi00
5,162,IND,Will Mallory,TE,24,2023,0,0,0,0,0,1,0,0,0,0,0,0,0,0,2,49,0,,,,Miami (FL),College Stats,MallWi00
5,163,CIN,Chase Brown,RB,23,2023,0,0,0,0,0,2,0,0,0,0,0,1,2,0,0,0,0,1,,,Illinois,College Stats,BrowCh10
5,164,MIN,Jaren Hall,QB,25,,0,0,0,,,,,,,,,,,,,,,,,,BYU,College Stats,HallJa00
5,165,CHI,Terell Smith,DB,24,2023,0,0,0,0,0,3,0,0,0,0,0,0,0,0,0,0,0,7,,,Minnesota,College Stats,SmitTe05
5,166,KAN,BJ Thompson,DE,24,,0,0,0,,,,,,,,,,,,,,,,,,S.F. Austin,College Stats,ThomBJ00
5,167,HOU,Henry To'oTo'o,LB,22,2023,0,0,0,0,0,3,0,0,0,0,0,0,0,0,0,0,0,12,,,Alabama,College Stats,TooTHe00
5,168,ARI,Owen Pappoe,LB,22,2023,0,0,0,0,0,2,0,0,0,0,0,0,0,0,0,0,0,,,,Auburn,College Stats,PappOw00
5,169,DAL,Asim Richards,OL,22,2023,0,0,0,0,0,3,0,0,0,0,0,0,0,0,0,0,0,,,,North Carolina,College Stats,RichAs00
5,170,LVR,Christopher Smith II,DB,23,,0,0,0,,,,,,,,,,,,,,,,,,Georgia,College Stats,SmitCh04
5,171,TAM,Payne Durham,TE,23,,0,0,0,,,,,,,,,,,,,,,,,,Purdue,College Stats,DurhPa00
5,172,NYG,Eric Gray,RB,23,2023,0,0,0,0,0,3,0,0,0,0,0,0,0,0,0,0,0,,,,Oklahoma,College Stats,GrayEr01
5,173,SFO,Robert Beal,OLB,24,,0,0,0,,,,,,,,,,,,,,,,,,Georgia,College Stats,BealRo00
5,174,LAR,Warren McClendon Jr.,OL,22,,0,0,0,,,,,,,,,,,,,,,,,,Georgia,College Stats,McClWa00
5,175,LAR,Davis Allen,TE,22,2023,0,0,0,0,0,1,0,0,0,0,0,0,0,0,0,0,0,,,,Clemson,College Stats,AlleDa02
5,176,IND,Evan Hull,RB,22,2023,0,0,0,0,0,1,0,0,0,0,0,1,1,0,1,6,0,,,,Northwestern,College Stats,HullEv00
5,177,LAR,Puka Nacua,WR,22,2023,0,0,0,0,0,3,0,0,0,0,0,2,4,0,30,338,0,,,,BYU,College Stats,NacuPu00
6,178,DAL,Eric Scott,DB,25,,0,0,0,,,,,,,,,,,,,,,,,,Southern Miss,College Stats,ScotEr00
6,179,GNB,Karl Brooks,DT,23,2023,0,0,0,0,0,4,0,0,0,0,0,0,0,0,0,0,0,4,,2.0,Bowling Green,College Stats,BrooKa00
6,180,ARI,Kei'Trel Clark,DB,22,2023,0,0,0,0,0,3,0,0,0,0,0,0,0,0,0,0,0,16,,,Louisville,College Stats,ClarKe02
6,181,TAM,Josh Hayes,CB,24,2023,0,0,0,0,0,3,0,0,0,0,0,0,0,0,0,0,0,1,,,Kansas St.,College Stats,HayeJo01
6,182,LAR,Tre'Vius Tomlinson,CB,22,2023,0,0,0,0,0,3,0,0,0,0,0,0,0,0,0,0,0,3,,,TCU,College Stats,HodgTr00
6,183,DEN,JL Skinner,S,22,,0,0,0,,,,,,,,,,,,,,,,,,Boise St.,College Stats,SkinJL00
6,184,NYJ,Zaire Barnes,LB,24,,0,0,0,,,,,,,,,,,,,,,,,,Western Michigan,College Stats,BarnZa00
6,185,JAX,Parker Washington,WR,21,,0,0,0,,,,,,,,,,,,,,,,,,Penn St.,College Stats,WashPa01
6,186,TEN,Jaelyn Duncan,OL,23,2023,0,0,0,0,0,1,0,0,0,0,0,0,0,0,0,0,0,,,,Maryland,College Stats,DuncJa00
6,187,NWE,Kayshon Boutte,WR,21,2023,0,0,0,0,0,1,0,0,0,0,0,0,0,0,0,0,0,,,,LSU,College Stats,BoutKa00
6,188,PHI,Tanner McKee,QB,23,,0,0,0,,,,,,,,,,,,,,,,,,Stanford,College Stats,McKeTa01
6,189,LAR,Ochaun Mathis,DE,24,,0,0,0,,,,,,,,,,,,,,,,,,Nebraska,College Stats,MathOc00
6,190,CLE,Luke Wypler,OL,22,,0,0,0,,,,,,,,,,,,,,,,,,Ohio St.,College Stats,WyplLu00
6,191,TAM,Trey Palmer,WR,22,2023,0,0,0,0,0,3,0,0,0,0,0,0,0,0,4,36,1,,,,Nebraska,College Stats,PalmTr00
6,192,NWE,Bryce Baringer,P,24,2023,0,0,0,0,0,3,0,0,0,0,0,0,0,0,0,0,0,,,,Michigan St.,College Stats,BariBr00
6,193,WAS,Chris Rodriguez,RB,22,2023,0,0,0,0,0,3,0,0,0,0,0,3,7,0,0,0,0,,,,Kentucky,College Stats,RodrCh00
6,194,KAN,Keondre Coburn,DT,23,2023,0,0,0,0,0,1,0,0,0,0,0,0,0,0,0,0,0,1,,,Texas,College Stats,CobuKe00
6,195,NOR,A.T. Perry,WR,23,,0,0,0,,,,,,,,,,,,,,,,,,Wake Forest,College Stats,PerrAT00
6,196,TAM,Jose Ramirez,DL,24,,0,0,0,,,,,,,,,,,,,,,,,,East. Michigan,College Stats,RamiJo00
6,197,MIA,Elijah Higgins,WR,22,,0,0,0,,,,,,,,,,,,,,,,,,Stanford,College Stats,HiggEl00
6,198,SEA,Jerrick Reed,S,23,2023,0,0,0,0,0,3,0,0,0,0,0,0,0,0,0,0,0,4,,,New Mexico,College Stats,ReedJe00
6,199,BAL,Malaesala Aumavae-Laulu,OL,24,,0,0,0,,,,,,,,,,,,,,,,,,Oregon,College Stats,AumaMa00
6,200,LAC,Scott Matlock,DT,23,2023,0,0,0,0,0,3,0,0,0,0,0,0,0,0,0,0,0,1,,,Boise St.,College Stats,MatlSc00
6,201,HOU,Jarrett Patterson,OL,24,2023,0,0,0,0,0,3,0,0,0,0,0,0,0,0,0,0,0,,,,Notre Dame,College Stats,PattJa03
6,202,JAX,Christian Braswell,DB,23,2023,0,0,0,0,0,2,0,0,0,0,0,0,0,0,0,0,0,,,,Rutgers,College Stats,BrasCh00
6,203,LVR,Amari Burney,LB,23,,0,0,0,,,,,,,,,,,,,,,,,,Florida,College Stats,BurnAm00
6,204,NYJ,Jarrick Bernard-Converse,CB,23,,0,0,0,,,,,,,,,,,,,,,,,,LSU,College Stats,BernJa01
6,205,HOU,Xavier Hutchinson,WR,23,2023,0,0,0,0,0,3,0,0,0,0,0,0,0,0,1,9,0,,,,Iowa St.,College Stats,HutcXa00
6,206,CIN,Andrei Iosivas,WR,23,2023,0,0,0,0,0,3,0,0,0,0,0,0,0,0,0,0,0,,,,Princeton,,IosiAn00
6,207,GNB,Anders Carlson,K,25,2023,0,0,0,0,0,4,0,0,0,0,0,0,0,0,0,0,0,,,,Auburn,College Stats,CarlAn00
6,208,JAX,Erick Hallett,DB,23,,0,0,0,,,,,,,,,,,,,,,,,,Pittsburgh,College Stats,HallEr00
6,209,NYG,Tre Hawkins,CB,23,2023,0,0,0,0,0,3,0,0,0,0,0,0,0,0,0,0,0,8,,,Old Dominion,,HawkTr00
6,210,NWE,Demario Douglas,WR,22,2023,0,0,0,0,0,3,0,0,0,0,0,1,5,0,7,74,0,,,,Liberty,College Stats,DougDe00
6,211,IND,Titus Leo,LB,24,,0,0,0,,,,,,,,,,,,,,,,,,Wagner,,LeoxTi00
6,212,DAL,Deuce Vaughn,RB,21,2023,0,0,0,0,0,3,0,0,0,0,0,9,24,0,3,16,0,,,,Kansas St.,College Stats,VaugDe00
6,213,ARI,Dante Stills,DT,23,2023,0,0,0,0,0,2,0,0,0,0,0,0,0,0,0,0,0,,,,West Virginia,College Stats,StilDa01
6,214,NWE,Ameer Speed,CB,23,2023,0,0,0,0,0,2,0,0,0,0,0,0,0,0,0,0,0,1,,,Michigan St.,College Stats,SpeeAm00
6,215,LAR,Zach Evans,RB,22,,0,0,0,,,,,,,,,,,,,,,,,,Mississippi,College Stats,EvanZa00
6,216,SFO,Dee Winters,LB,22,2023,0,0,0,0,0,1,0,0,0,0,0,0,0,0,0,0,0,,,,TCU,College Stats,WintDe00
6,217,CIN,Brad Robbins,P,24,2023,0,0,0,0,0,3,0,0,0,0,0,0,0,0,0,0,0,,,,Michigan,College Stats,RobbBr00
7,218,CHI,Travis Bell,DL,24,,0,0,0,,,,,,,,,,,,,,,,,,Kennesaw St.,,BellTr01
7,219,DET,Antoine Green,WR,23,2023,0,0,0,0,0,3,0,0,0,0,0,0,0,0,1,2,0,,,,North Carolina,College Stats,GreeAn00
7,220,NYJ,Zack Kuntz,TE,24,,0,0,0,,,,,,,,,,,,,,,,,,Old Dominion,College Stats,KuntZa00
7,221,IND,Jaylon Jones,DB,21,2023,0,0,0,0,0,3,0,0,0,0,0,0,0,0,0,0,0,1,,,Texas A&M,College Stats,JoneJa13
7,222,MIN,DeWayne McBride,RB,22,,0,0,0,,,,,,,,,,,,,,,,,,Ala-Birmingham,College Stats,McBrDe00
7,223,LAR,Ethan Evans,P,22,2023,0,0,0,0,0,3,0,0,0,0,0,0,0,0,0,0,0,,,,Wingate,,EvanEt00
7,224,ATL,DeMarcco Hellams,DB,23,2023,0,0,0,0,0,3,0,0,0,0,0,0,0,0,0,0,0,,,,Alabama,College Stats,HellDe00
7,225,ATL,Jovaughn Gwyn,OL,24,,0,0,0,,,,,,,,,,,,,,,,,,South Carolina,College Stats,GwynJo00
7,226,JAX,Cooper Hodges,OL,23,,0,0,0,,,,,,,,,,,,,,,,,,Appalachian St.,College Stats,HodgCo00
7,227,JAX,Raymond Vohasek,DT,,,0,0,0,,,,,,,,,,,,,,,,,,North Carolina,College Stats,VohaRa00
7,228,TEN,Colton Dowell,WR,24,,0,0,0,,,,,,,,,,,,,,,,,,UT Martin,,DoweCo00
7,229,BAL,Andrew Vorhees,OL,24,,0,0,0,,,,,,,,,,,,,,,,,,USC,College Stats,VorhAn00
7,230,BUF,Nick Broeker,OL,22,,0,0,0,,,,,,,,,,,,,,,,,,Mississippi,College Stats,BroeNi00
7,231,LVR,Nesta Jade Silvera,DT,23,,0,0,0,,,,,,,,,,,,,,,,,,Arizona St.,College Stats,JadeNe00
7,232,GNB,Carrington Valentine,DB,21,2023,0,0,0,0,0,4,0,0,0,0,0,0,0,0,0,0,0,3,,,Kentucky,College Stats,ValeCa00
7,233,WAS,Andre Jones,DE,24,2023,0,0,0,0,0,3,0,0,0,0,0,0,0,0,0,0,0,,,,Louisiana,College Stats,JoneAn02
7,234,LAR,Jason Taylor,S,23,2023,0,0,0,0,0,1,0,0,0,0,0,0,0,0,0,0,0,,,,Oklahoma St.,College Stats,TaylJa05
7,235,GNB,Lew Nichols,RB,22,,0,0,0,,,,,,,,,,,,,,,,,,Central Michigan,College Stats,NichLe00
7,236,IND,Jake Witt,OL,23,,0,0,0,,,,,,,,,,,,,,,,,,Northern Michigan,,WittJa01
7,237,SEA,Kenny McIntosh,RB,23,,0,0,0,,,,,,,,,,,,,,,,,,Georgia,College Stats,McInKe00
7,238,MIA,Ryan Hayes,OL,23,,0,0,0,,,,,,,,,,,,,,,,,,Michigan,College Stats,HayeRy00
7,239,LAC,Max Duggan,QB,22,,0,0,0,,,,,,,,,,,,,,,,,,TCU,College Stats,DuggMa00
7,240,JAX,Derek Parish,DL,24,,0,0,0,,,,,,,,,,,,,,,,,,Houston,College Stats,PariDe00
7,241,PIT,Cory Trice Jr.,CB,23,,0,0,0,,,,,,,,,,,,,,,,,,Purdue,College Stats,TricCo00
7,242,GNB,Anthony Johnson Jr.,DB,23,,0,0,0,,,,,,,,,,,,,,,,,,Iowa St.,College Stats,JohnAn08
7,243,NYG,Jordon Riley,DL,25,2023,0,0,0,0,0,1,0,0,0,0,0,0,0,0,0,0,0,1,,,Oregon,College Stats,RileJo00
7,244,DAL,Jalen Brooks,WR,23,2023,0,0,0,0,0,1,0,0,0,0,0,0,0,0,0,0,0,,,,South Carolina,College Stats,BrooJa03
7,245,NWE,Isaiah Bolden,CB,23,,0,0,0,,,,,,,,,,,,,,,,,,Jackson St.,College Stats,BoldIs00
7,246,CIN,DJ Ivey,CB,23,,0,0,0,,,,,,,,,,,,,,,,,,Miami (FL),College Stats,IveyDJ00
7,247,SFO,Brayden Willis,TE,23,2023,0,0,0,0,0,1,0,0,0,0,0,0,0,0,0,0,0,,,,Oklahoma,College Stats,WillBr06
7,248,HOU,Brandon Hill,DB,23,,0,0,0,,,,,,,,,,,,,,,,,,Pittsburgh,College Stats,HillBr03
7,249,PHI,Moro Ojomo,DE,22,,0,0,0,,,,,,,,,,,,,,,,,,Texas,College Stats,OjomMo00
7,250,KAN,Nic Jones,CB,21,,0,0,0,,,,,,,,,,,,,,,,,,Ball St.,College Stats,JoneNi00
7,251,PIT,Spencer Anderson,OL,23,,0,0,0,,,,,,,,,,,,,,,,,,Maryland,College Stats,AndeSp00
7,252,BUF,Alex Austin,DB,22,2023,0,0,0,0,,1,0,0,0,0,0,0,0,0,0,0,0,,,,Oregon St.,College Stats,AustAl00
7,253,SFO,Ronnie Bell,WR,23,2023,0,0,0,0,0,3,0,0,0,0,0,0,0,0,2,24,1,1,,,Michigan,College Stats,BellRo01
7,254,NYG,Gervarrius Owens,DB,23,,0,0,0,,,,,,,,,,,,,,,,,,Houston,College Stats,OwenGe00
7,255,SFO,Jalen Graham,S,22,,0,0,0,,,,,,,,,,,,,,,,,,Purdue,College Stats,GrahJa02
7,256,GNB,Grant Dubose,WR,22,,0,0,0,,,,,,,,,,,,,,,,,,Charlotte,College Stats,DuboGr00
7,257,DEN,Alex Forsyth,OL,24,,0,0,0,,,,,,,,,,,,,,,,,,Oregon,College Stats,ForsAl00
7,258,CHI,Kendall Williamson,S,23,,0,0,0,,,,,,,,,,,,,,,,,,Stanford,College Stats,WillKe07
7,259,LAR,Desjuan Johnson,DT,24,2023,0,0,0,0,0,1,0,0,0,0,0,0,0,0,0,0,0,,,,Toledo,College Stats,JohnDe08